{
  "project_info": {
    "project_number": "48639710789",
    "firebase_url": "https://myfirstfirestore-37483.firebaseio.com",
    "project_id": "myfirstfirestore-37483",
    "storage_bucket": "myfirstfirestore-37483.appspot.com"
  },
  "client": [
    {
      "client_info": {
        "mobilesdk_app_id": "1:48639710789:android:310850001c383437",
        "android_client_info": {
          "package_name": "org.nam"
        }
      },
      "oauth_client": [
        {
          "client_id": "48639710789-s6kom3fpn72bdg7gdei1gderno9fak4q.apps.googleusercontent.com",
          "client_type": 1,
          "android_info": {
            "package_name": "org.nam",
            "certificate_hash": "869bf753830b0f85c535640df6eb5deaa995cacf"
          }
        },
        {
          "client_id": "48639710789-ugnrkegedk27it3b9jp4r6n21nshhruc.apps.googleusercontent.com",
          "client_type": 3
        }
      ],
      "api_key": [
        {
          "current_key": "AIzaSyD30X6ECYvlLiiv1acqzy5VqxF4lmNpMn4"
        }
      ],
      "services": {
        "analytics_service": {
          "status": 1
        },
        "appinvite_service": {
          "status": 2,
          "other_platform_oauth_client": [
            {
              "client_id": "48639710789-ugnrkegedk27it3b9jp4r6n21nshhruc.apps.googleusercontent.com",
              "client_type": 3
            }
          ]
        },
        "ads_service": {
          "status": 2
        }
      }
    },
    {
      "client_info": {
        "mobilesdk_app_id": "1:48639710789:android:38f95d2ad57b51ae",
        "android_client_info": {
          "package_name": "org.semi"
        }
      },
      "oauth_client": [
        {
          "client_id": "48639710789-h3bq2rckupnu0kvf4o134fca4l4c27o6.apps.googleusercontent.com",
          "client_type": 1,
          "android_info": {
            "package_name": "org.semi",
            "certificate_hash": "72262d2fcfa1c17de69e2fa11c3b0f00d2b1c367"
          }
        },
        {
          "client_id": "48639710789-ugnrkegedk27it3b9jp4r6n21nshhruc.apps.googleusercontent.com",
          "client_type": 3
        }
      ],
      "api_key": [
        {
          "current_key": "AIzaSyD30X6ECYvlLiiv1acqzy5VqxF4lmNpMn4"
        }
      ],
      "services": {
        "analytics_service": {
          "status": 1
        },
        "appinvite_service": {
          "status": 2,
          "other_platform_oauth_client": [
            {
              "client_id": "48639710789-ugnrkegedk27it3b9jp4r6n21nshhruc.apps.googleusercontent.com",
              "client_type": 3
            }
          ]
        },
        "ads_service": {
          "status": 2
        }
      }
    }
  ],
  "configuration_version": "1"
}